<?xml version="1.0" encoding="utf-8"?>
<playerkinds>
<player open="1" sort="0" postfix="link" flag="在线播放" des=""><intro>无需安装任何插件，即可快速播放</intro></player>
<player open="1" sort="0" postfix="91Flv" flag="云转码" des=""><intro>无需安装任何插件，即可快速播放</intro></player>
<player open="1" sort="0" postfix="ckplayer" flag="ckplayer" des=""><intro>支持手机电脑播放</intro></player>
<player open="1" sort="0" postfix="ckplayerX" flag="ckplayerX" des=""><intro>支持手机电脑播放</intro></player>
<player open="1" sort="0" postfix="chplayer" flag="chplayer" des=""><intro>支持手机电脑播放,支持mp4,flv,f4v,m3u8,rtmp协议</intro></player>
<player open="1" sort="0" postfix="cmp4" flag="cmp4" des=""><intro>无需安装任何插件，即可快速播放</intro></player>
<player open="1" sort="0" postfix="youku" flag="优酷视频" des=""><intro>无需安装任何插件，即可快速播放</intro></player>
<player open="1" sort="0" postfix="tudou" flag="土豆视频" des=""><intro>无需安装任何插件，即可快速播放</intro></player>
<player open="1" sort="0" postfix="sohu" flag="搜狐视频" des=""><intro>无需安装任何插件，即可快速播放</intro></player>
<player open="1" sort="0" postfix="qiyi" flag="奇艺视频" des=""><intro>无需安装任何插件，即可快速播放</intro></player>
<player open="1" sort="0" postfix="letv" flag="乐视视频" des=""><intro>无需安装任何插件，即可快速播放</intro></player>
<player open="1" sort="0" postfix="pptv" flag="PPTV视频" des=""><intro>无需安装任何插件，即可快速播放</intro></player>
<player open="1" sort="0" postfix="qq" flag="腾讯视频" des=""><intro>无需安装任何插件，即可快速播放</intro></player>
<player open="1" sort="0" postfix="sina" flag="新浪视频" des=""><intro>无需安装任何插件，即可快速播放</intro></player>
<player open="1" sort="0" postfix="funshion" flag="风行影音" des=""><intro>无需安装任何插件，即可快速播放</intro></player>
<player open="1" sort="0" postfix="cntv" flag="央视视频" des=""><intro>无需安装任何插件，即可快速播放</intro></player>
<player open="1" sort="0" postfix="mgtv" flag="芒果视频" des=""><intro>无需安装任何插件，即可快速播放</intro></player>
<player open="1" sort="0" postfix="m1905" flag="m1905视频" des=""><intro>无需安装任何插件，即可快速播放</intro></player>
<player open="1" sort="0" postfix="56" flag="我乐视频" des=""><intro>无需安装任何插件，即可快速播放</intro></player>
<player open="1" sort="0" postfix="kankan" flag="迅雷看看" des=""><intro>无需安装任何插件，即可快速播放</intro></player>
<player open="1" sort="0" postfix="swf" flag="swf在线" des=""><intro>无需安装任何插件，即可快速播放</intro></player>
<player open="1" sort="0" postfix="pps" flag="pps视频" des=""><intro>无需安装任何插件，即可快速播放</intro></player>
<player open="1" sort="0" postfix="xfplay" flag="影音先锋" des=""><intro>需安装影音先锋播放器</intro></player>
<player open="1" sort="0" postfix="acfun" flag="A站" des=""><intro>无需安装任何插件，即可快速播放</intro></player>
<player open="1" sort="0" postfix="bilibili" flag="B站" des=""><intro>无需安装任何插件，即可快速播放</intro></player>
<player open="1" sort="0" postfix="aipai" flag="爱拍" des=""><intro>无需安装任何插件，即可快速播放</intro></player>
<player open="1" sort="0" postfix="meipai" flag="美拍" des=""><intro>无需安装任何插件，即可快速播放</intro></player>
<player open="1" sort="0" postfix="miaopai" flag="秒拍" des=""><intro>无需安装任何插件，即可快速播放</intro></player>
<player open="1" sort="0" postfix="direct" flag="直链" des=""><intro>无需安装任何插件，即可快速播放</intro></player>
<player open="1" sort="0" postfix="huya" flag="虎牙" des=""><intro>无需安装任何插件，即可快速播放</intro></player>
<player open="1" sort="0" postfix="kuaishou" flag="快手" des=""><intro>无需安装任何插件，即可快速播放</intro></player>
<player open="1" sort="0" postfix="vlook" flag="微录客" des=""><intro>无需安装任何插件，即可快速播放</intro></player>
<player open="1" sort="0" postfix="waqu" flag="哇趣" des=""><intro>无需安装任何插件，即可快速播放</intro></player>
<player open="1" sort="0" postfix="weibo" flag="微博" des=""><intro>无需安装任何插件，即可快速播放</intro></player>
<player open="1" sort="0" postfix="yinyuetai" flag="音悦台" des=""><intro>无需安装任何插件，即可快速播放</intro></player>
<player open="1" sort="0" postfix="ykyun" flag="优酷云" des=""><intro>无需安装任何插件，即可快速播放</intro></player>
<player open="1" sort="0" postfix="niba" flag="泥巴影音" des=""><intro>需安装泥巴影音播放器</intro></player>
<player open="1" sort="0" postfix="xigua" flag="西瓜影音" des=""><intro>需安装西瓜影音播放器</intro></player>
<player open="1" sort="0" postfix="ffhd" flag="非凡影音" des=""><intro>需安装非凡影音播放器</intro></player>
<player open="1" sort="0" postfix="jjvod" flag="吉吉影音" des=""><intro>需安装吉吉影音播放器</intro></player>
<player open="1" sort="0" postfix="akvod" flag="爱看影音" des=""><intro>需安装爱看影音播放器</intro></player>
<player open="1" sort="0" postfix="kkhd" flag="可可影音" des=""><intro>需安装可可影音播放器</intro></player>
</playerkinds>