<?xml version="1.0" encoding="UTF-8"?>
<channel><item><pubDate><![CDATA[Sat, 11 Dec 2021 12:30:18 +0800]]></pubDate><title><![CDATA[Welcome to Bugku AWD!]]></title><url><![CDATA[index]]></url><meta><![CDATA[getsimple, easy, content management system]]></meta><metad><![CDATA[]]></metad><menu><![CDATA[Home]]></menu><menuOrder><![CDATA[1]]></menuOrder><menuStatus><![CDATA[Y]]></menuStatus><template><![CDATA[template.php]]></template><parent><![CDATA[]]></parent><private><![CDATA[]]></private><author><![CDATA[admin]]></author><slug><![CDATA[index]]></slug><filename><![CDATA[index.xml]]></filename></item><item><pubDate><![CDATA[Sat, 11 Dec 2021 12:31:46 +0800]]></pubDate><title><![CDATA[【漏洞预警】Apache Log4j 远程代码执行漏洞]]></title><url><![CDATA[apache-log4j]]></url><meta><![CDATA[]]></meta><metad><![CDATA[]]></metad><menu><![CDATA[【漏洞预警】Apache Log4j 远程代码执行漏洞]]></menu><menuOrder><![CDATA[0]]></menuOrder><menuStatus><![CDATA[]]></menuStatus><template><![CDATA[template.php]]></template><parent><![CDATA[]]></parent><private><![CDATA[]]></private><author><![CDATA[admin]]></author><slug><![CDATA[apache-log4j]]></slug><filename><![CDATA[apache-log4j.xml]]></filename></item></channel>
