<?xml version="1.0" encoding="utf-8"?>
<data>
<config>
<roundCorner>0</roundCorner>
<autoPlayTime>5</autoPlayTime>
<isHeightQuality>false</isHeightQuality>
<blendMode>normal</blendMode>
<transDuration>1</transDuration>
<windowOpen>_self</windowOpen>
<btnSetMargin>auto 5 5 auto</btnSetMargin>
<btnDistance>20</btnDistance>
<btnAlpha>.7</btnAlpha>
<btnTextColor>0x000000</btnTextColor>
<btnDefaultColor>0xffffff</btnDefaultColor>
<btnHoverColor>0x2374c2</btnHoverColor>
<btnFocusColor>0xffcc00</btnFocusColor>
<changImageMode>click</changImageMode>
<isShowBtn>true</isShowBtn>
<isShowTitle>true</isShowTitle>
<scaleMode>noBorder</scaleMode>
<transform>top</transform>
<isShowAbout>false</isShowAbout>
<titleFont>微软雅黑</titleFont>
</config>
<channel>
<item>
<link>http://www.91736.com</link>
<image>uploadfile/image/20111123/20111123030811.jpg</image>
</item>
<item>
<link>http://www.91736.com</link>
<image>uploadfile/image/20111123/20111123031219.jpg</image>
</item>
<item>
<link>http://www.91736.com</link>
<image>uploadfile/image/20111123/20111123031235.jpg</image>
</item>
</channel>
</data>