<?xml version="1.0" encoding="utf-8"?>
<timmings>
	
<timming><name>makeothers</name><des>定时生成首页-地图-xml文件</des><status>0</status><file>make.php</file><paramets>make-others</paramets><weeks>1,2,3,4,5,6,0</weeks><hours>0,1,2,3,5,6,7,9,12,15,17,20,23</hours><runtime>1387456818</runtime></timming>









<timming><name>collectday</name><des>采集当天</des><status>1</status><file>collect.php</file><paramets>collect-cj-ac2-day-xt-1-ct--group--flag-jijizycom_-hour-24-apiurl-http://127.0.0.1/maccms8_mfb/inc/api.html</paramets><weeks>1,2,3,4,5,6,0</weeks><hours>00,01,02,03,04,05,06,07,08,09,10,11,12,13,14,15,16,17,18,19,20,21,22,23</hours><runtime>1612231237</runtime></timming></timmings>
